Sarai Sauer,icrooks@example.org
Ozella Carroll,tromp.shaina@example.com
Felix Stark DDS,alebsack@example.net
Myra D'Amore III,bailey.linwood@example.com
Dorothea Waters,alaina50@example.net
Miss Lelia Tromp,btreutel@example.org
Genesis Gulgowski,arvel15@example.net
Dr. Rasheed Streich Jr.,joshua.mraz@example.org
Shanie Hoppe,little.joan@example.org
Miss Gladyce Stracke,korbin76@example.org
Susan Kuphal,schmitt.selmer@example.net
Elmer Shanahan,beahan.yessenia@example.net
Alba Boyle,valentine72@example.net
Darryl Cormier,roger11@example.net
Mr. Tyshawn Pagac,ward.benton@example.com
Wilma Denesik,sschroeder@example.org
Dr. Tyler Beer,heller.daphney@example.org
Prof. Stella DuBuque MD,qdurgan@example.org
Connie Dickinson,opfannerstill@example.com
Prof. Garland Zboncak,ansley.bruen@example.com
Aisha Rippin,crystal72@example.net
Reva Wiza III,ken.lynch@example.net
Earl Renner DDS,agislason@example.net
Merritt Hand,bergstrom.katherine@example.com
Nedra Will,leann.funk@example.net
Mrs. Kathleen Swift V,ernser.boyd@example.com
Blaise Haag,fay.lavinia@example.com
Henry Schulist V,maurine.padberg@example.org
Alexis Mitchell,dkutch@example.net
Rafaela Champlin MD,lyda.bernhard@example.org
Bert Schaden,ukoepp@example.com
Dr. Oda Wiza,enid.lind@example.net
Naomie Runolfsdottir MD,xkiehn@example.com
Krystel Marks Jr.,malachi92@example.com
Hunter Lesch Jr.,jschimmel@example.org
Karli Hilpert,margarete90@example.com
Prof. Eliezer Kris III,levi.smith@example.net
Clovis Nikolaus,mschmeler@example.org
Reina Kuhlman,jprice@example.org
Vada Auer,brakus.margarita@example.org
Derrick Hauck,golden.russel@example.net
Dr. Devonte Kerluke,jacky.mclaughlin@example.com
Brycen Swaniawski,cora.rodriguez@example.net
Selmer Zieme,kulas.laurie@example.net
Alfonzo Steuber,lue.hamill@example.com
Aletha Towne,hlemke@example.org
Ruthie Rosenbaum,kunde.hailee@example.org
Helen Heller,euna.lebsack@example.net
Prof. Colin Wuckert I,hwisoky@example.org
Fannie Durgan,izabella.lehner@example.org
Gideon Funk,gerson.bechtelar@example.org
Prof. Josiane Jacobi,norene42@example.com
Arden Raynor,etha25@example.net
Elyssa Schroeder,vkeebler@example.org
Alena Berge,crist.samantha@example.net
Edgar Osinski,farrell.tyshawn@example.com
Prof. Earlene Klein Jr.,trudie.gorczany@example.com
Rebeca Crooks,skiles.leonard@example.com
Mr. Conrad Schneider I,lgreenholt@example.org
Mrs. Asia Ondricka,linnie.mills@example.com
Felicita Spinka,rice.moriah@example.org
Arely Rowe,crooks.emmie@example.net
Silas D'Amore,joseph11@example.net
Nia Gulgowski,jay.vandervort@example.org
Ms. Bernadine Cole,ajaskolski@example.net
Josiah Littel,lkeebler@example.org
Pearlie Thiel,connelly.spencer@example.org
Dr. Llewellyn McCullough Jr.,marc.oberbrunner@example.com
Leonora Lakin,candelario.trantow@example.net
Prof. Lon Beier,kessler.lazaro@example.com
Chanel Dooley,yessenia.legros@example.net
Kaelyn Barton,marjory.lynch@example.org
Rosalyn Jacobs,assunta.macejkovic@example.net
Mr. Moshe Hand DVM,sadie70@example.net
Arvid Bode,zola23@example.com
Tracy O'Keefe,billie95@example.org
Mozell Hill I,mariela.borer@example.net
Merlin Huel,morar.carlo@example.net
Lupe Cruickshank,pinkie.lindgren@example.net
Miss Noemie Schamberger,kristin.rice@example.net
Reed Gottlieb,oveum@example.com
Jamal Hettinger V,lindgren.guido@example.org
Iva Lehner DDS,luciano01@example.org
Rowena Schamberger Jr.,wconroy@example.com
Dr. Roscoe Simonis,radams@example.net
Shaina Orn,leann.langworth@example.com
Benjamin Bernier,jeanette.schmitt@example.org
Dr. Grant Skiles DVM,ondricka.elroy@example.com
Morgan Kuhlman,gorczany.cicero@example.com
Prof. Janice O'Hara MD,clifton62@example.com
Randal Kuphal,kaitlin52@example.org
Jayden Gottlieb,laury55@example.org
Mr. Emmet Fisher,oquitzon@example.com
Modesto Wilderman,bhayes@example.org
Darrick Boyer,jeff.thiel@example.net
Josiane Grady Jr.,ggoodwin@example.org
Juwan Leffler,syble76@example.net
Cecilia Renner,cathryn.schinner@example.com
Abel Cruickshank,dooley.asia@example.net
Miss Thora Halvorson,bbruen@example.org
Dolly Waters IV,rohan.doyle@example.com
Ed Douglas,kamryn.hettinger@example.net
Miss Leora Boyer MD,iluettgen@example.org
Darwin Marvin,kuhn.tessie@example.com
Mandy Rutherford,concepcion24@example.com
Dr. Toby Marvin,heidi34@example.org
Santos Rice,trey93@example.com
Lois Morissette,alittle@example.com
Mr. Chandler Hackett DDS,hgusikowski@example.org
Ila Paucek,kaylah.terry@example.net
Jeramy O'Conner MD,cgraham@example.org
Mr. Milan Wyman,hbauch@example.com
Jacky Huels,evelyn96@example.org
Ms. Eula Stamm PhD,dooley.kari@example.net
Linnie Nader I,hparker@example.com
Clifton Rau IV,wcole@example.org
Mrs. Abagail Fritsch PhD,allene.parisian@example.com
Idell Wuckert,elnora.anderson@example.net
Amanda Heidenreich PhD,wdouglas@example.com
Naomi Lockman,idella94@example.net
Emerald Thompson,wmarks@example.com
Prof. Ryder McKenzie MD,tillman.yolanda@example.com
Dr. Nelson Conroy,alena.wisoky@example.org
Dr. Idella Hettinger MD,mills.autumn@example.com
Miss Miracle Wolff IV,loreilly@example.org
Lawrence Rutherford,crist.stone@example.com
Aric Grimes,zoila91@example.net
Jess Fritsch,vpfeffer@example.org
Dell Balistreri,vandervort.ephraim@example.org
Cordie Smitham III,caitlyn21@example.net
Prof. Kaycee Rutherford IV,johnathan.kassulke@example.net
Moises Heidenreich,mclaughlin.cortez@example.org
Ronny Reichert,rsmith@example.net
Yasmin Marks,predovic.penelope@example.net
Marjolaine Parisian,ydaugherty@example.net
Josefa Carroll,josefina.jakubowski@example.net
Dr. Valentine Fadel I,billie20@example.com
Leatha DuBuque,macie.mclaughlin@example.com
Xander Schmidt,chelsea36@example.com
Prof. Walker Lakin,violette81@example.com
Melba Powlowski,von.anjali@example.org
Oma Dickens,leannon.jacky@example.com
Ms. Alberta Boehm II,cremin.mya@example.org
Lola Ullrich,antoinette.reinger@example.org
Clementina Erdman,schaefer.ike@example.org
Kennedi Witting,rosenbaum.drake@example.net
Gerry Ondricka,hagenes.baron@example.com
Zakary Murray III,ford13@example.com
Aubree Gislason,ahoeger@example.net
Presley Miller,abshire.trisha@example.org
Bernardo Rolfson,abernathy.lucy@example.com
Loraine Olson,elinore.brakus@example.com
Kristy Johnson,fadel.raleigh@example.org
Garret Kemmer,marjory65@example.com
Carissa Lakin,schneider.kraig@example.com
Isabella Larkin,bertrand.wiegand@example.net
Karen Windler,hintz.bertrand@example.com
Mr. Nat Rath II,herzog.kirstin@example.net
Prof. Vincent Blanda MD,kunde.emma@example.net
Clotilde Hayes,jrodriguez@example.org
Mathew Upton,wkuvalis@example.com
Delia Wilkinson,crist.garfield@example.net
Katherine Kirlin,bruen.randal@example.com
Linnie Lesch,hannah.klocko@example.com
Valentina Russel,nyasia77@example.com
Valentine Wisozk,karolann31@example.org
Miss Frederique Cummings,xpacocha@example.net
Lynn Dietrich,jaron62@example.net
Carolanne Boyle IV,thomas17@example.org
Marco Price,kaycee.predovic@example.com
Elliot DuBuque Sr.,wisozk.joe@example.net
Mr. Will Ernser MD,cstehr@example.org
Wallace Little,cheyenne69@example.net
Aglae Schimmel,stracke.maci@example.com
Chaim Goyette,kmosciski@example.com
Dr. Michael Greenholt II,von.eden@example.net
Kris Sipes Jr.,dayne26@example.net
Meggie Bruen,prince.miller@example.org
Dino Hackett,celestino72@example.com
Cynthia Nienow,ziemann.margot@example.net
Prof. Liam Hodkiewicz,carlie05@example.com
Marcelo Lehner,waelchi.kristian@example.org
Mr. Reilly Graham,upfeffer@example.net
Jarrod Herman,tremayne.dickens@example.net
Fletcher Trantow,nader.jeffery@example.net
Mrs. Jenifer Lindgren,ivory.boyer@example.org
Gaston Rice,king.abelardo@example.net
Manuela Lindgren,corkery.buck@example.net
Lelia Cartwright,anderson.kerluke@example.com
Bulah Johnson,jayne.olson@example.com
Viva Farrell,lee33@example.net
Merle Turcotte DVM,beulah.kshlerin@example.org
Maxie Hickle,corkery.laurence@example.com
Woodrow Hyatt,drew.fisher@example.net
Moses Beier,anissa90@example.net
Conner Ryan,teagan.gorczany@example.com
Chet Cartwright,kade39@example.org
Jessyca Stiedemann,ferry.nico@example.com
Alfreda Kilback I,amelie.metz@example.net
Evangeline McGlynn DVM,umaggio@example.com
Brandyn Gerhold,adams.immanuel@example.net
Dr. Hortense Fisher IV,rwalsh@example.com
Adell Yundt,mariela16@example.org
Karlee McCullough,carmella.moore@example.com
Leta Weissnat,jabari.jones@example.org
Hiram Bergnaum,katherine.ebert@example.org
Prof. Ottilie Rodriguez,samantha13@example.net
Eulah Bergnaum,wyman78@example.net
Anna Mueller,vdietrich@example.org
Jarrod Kuvalis DVM,lshields@example.net
Filomena Macejkovic Sr.,alycia22@example.com
Wilton King,hazel.davis@example.org
Jake Kreiger,mercedes.stark@example.com
Vern Effertz,ledner.jeanne@example.com
Jacquelyn Lueilwitz,zrippin@example.org
Kellie Langosh PhD,gnader@example.org
Roma Klocko,melba.goyette@example.com
Rachelle Vandervort,beier.nadia@example.org
Mr. Jules Breitenberg MD,bradtke.christina@example.com
Johanna Smitham,ephraim.runolfsson@example.net
Doug Wuckert,hermann.katelyn@example.com
Miss Nicole Dare,vkuhlman@example.net
Vena Kovacek,herzog.tamara@example.com
Gussie Feil,kaltenwerth@example.org
Stewart Fahey,stehr.thurman@example.org
Mr. Gerardo Gibson DVM,hkoelpin@example.com
Mr. Ezra Borer II,maria64@example.net
Miss Winona Wisoky,crystel.heathcote@example.net
Reed Considine Sr.,pfeffer.violet@example.org
Prof. Leland Wehner MD,estracke@example.com
Myrtle Beatty Sr.,kristina.von@example.net
Skyla Gleason,qhahn@example.net
Camilla Sipes DVM,schaden.aric@example.net
Abigale Shanahan Sr.,cali.zieme@example.net
Thurman Hilpert DVM,onitzsche@example.net
Tiana Rowe,grady.katrina@example.org
Trevion Beier IV,miguel26@example.net
Daisy Kunze,carole.langworth@example.net
Sheldon Cremin Jr.,yshanahan@example.net
Miss Emma Flatley PhD,kuhn.audra@example.net
Irma Feest,fisher.elmore@example.net
Dr. Einar Kutch,twelch@example.com
Hortense Schamberger,johan.hagenes@example.org
Mr. Kristofer Reynolds Jr.,kaci.runte@example.net
Kim Considine PhD,fahey.lucie@example.com
Elbert Altenwerth Sr.,roberbrunner@example.org
Jeffry Ryan,triston91@example.com
Prof. Alverta Spinka Sr.,gunner.runolfsdottir@example.net
Wendy Russel,torphy.carmela@example.org
Karson Zboncak IV,ublanda@example.com
Reid Macejkovic MD,dave.heller@example.net
Mrs. Michaela Gleason DDS,ernestina.herman@example.org
Hazle Pagac,lesch.chad@example.net
Darien Senger,jacinthe02@example.com
Makenzie Leffler,morissette.carrie@example.com
Keshawn McClure,kattie21@example.com
Teagan Harber,elinor.hammes@example.com
Miss Otha Bartoletti,katrine55@example.org
Buck Hilpert II,ocorwin@example.com
Dr. Adolph Schoen MD,veda58@example.net
Dr. Angus Lindgren,dwight.farrell@example.org
Reina Wiza DDS,abe.hettinger@example.net
Zoila Mayer I,gideon.satterfield@example.net
Noel Rippin MD,garrett.orn@example.com
Dr. Ernest Russel,giovanna40@example.org
Darron Trantow PhD,anabel73@example.com
Delilah Hansen,rasheed77@example.com
Manuel Emard PhD,charley.medhurst@example.com
Roxanne Harris,vella80@example.com
Ruby Farrell,madaline.swaniawski@example.com
Virginie Spencer,hwindler@example.com
Lois Stiedemann,qnienow@example.org
Mathilde Steuber,cordia14@example.net
Orin Waters MD,coy22@example.org
Prof. Timmothy Lind,hilpert.angie@example.com
Murphy Turner,ikeeling@example.org
Joy Gutkowski,sheldon56@example.com
Lysanne Koelpin,davon.pouros@example.com
Mr. Chandler Bernhard,heathcote.lia@example.com
Nyah Predovic,ernser.emmitt@example.com
Wilma Kunde,salvatore.parker@example.org
Cooper Mante,vhayes@example.net
Dannie Effertz,emelia50@example.com
Selina Greenholt,keven.turcotte@example.com
Damaris Medhurst Sr.,jaren03@example.net
Abigail Kuhn DDS,cturner@example.net
Ms. Jakayla Carter,hermiston.alysha@example.net
Augusta Grimes,marks.meaghan@example.net
Dovie Eichmann,mills.elaina@example.com
Gladys Stark,hyman.russel@example.com
Amelie Hickle,dallin83@example.org
Patsy Hartmann,brannon47@example.net
Aurore Mann,jdamore@example.com
Cordia Effertz,zwolf@example.com
Yesenia Cartwright,deangelo.orn@example.net
Dr. Roberto Smitham PhD,cathryn37@example.com
Prof. Demario Okuneva I,amira.lockman@example.org
Eve Welch MD,tgutmann@example.net
Prof. Josiah Pouros V,xdenesik@example.com
Elyssa Emard,amani84@example.net
Mr. Terrill Stokes II,moen.bethel@example.org
Ona Osinski,katrina.kerluke@example.com
Mr. Irwin Miller Jr.,taryn.kilback@example.org
Dr. Angelo Larson II,idell96@example.com
Keven Mills,mckenzie.corrine@example.com
Wilber Stehr Sr.,bednar.vergie@example.net
Ms. Leilani Farrell,albert71@example.org
Euna Kertzmann,okuneva.sylvan@example.org
Mr. Kennedy Medhurst PhD,florida.roob@example.com
Adrain O'Conner,ghuel@example.org
Newton Harvey,vbrekke@example.org
Trenton Hettinger,kdoyle@example.org
Doyle Rath,laila17@example.org
Mallie Koss,janae51@example.net
Zelma Roberts,rodger02@example.com
Jules Dickinson,weissnat.kelley@example.org
Dr. Nick Gerlach,amorar@example.org
Kiana Lebsack,xvolkman@example.net
Dr. Raymundo Bosco,qheller@example.com
Kaycee Mueller,lkulas@example.net
Dr. Emelie Kassulke,emily.walker@example.net
Mrs. Kirsten Farrell,jbashirian@example.com
Kali Trantow,fhaley@example.net
Zion Schoen,demetrius.lueilwitz@example.org
Danial Purdy,gennaro.towne@example.org
Dr. Demetrius Wintheiser Jr.,eliane.miller@example.com
Melany Schoen Jr.,cartwright.tamara@example.net
Alf Rice DVM,vesta.miller@example.com
Arden Ullrich,rosanna.stoltenberg@example.org
Prof. Jonas Fisher,umaggio@example.net
Marguerite Wehner,lonzo.bartell@example.net
Clementine Cronin PhD,stromp@example.org
Grant Gusikowski,kutch.alaina@example.org
Randi McGlynn,xgislason@example.com
Camylle Hilpert PhD,fwhite@example.net
Chauncey Block,gorczany.stuart@example.com
Mrs. Jude Huels II,fahey.macie@example.com
Catalina Stanton,ayden.gibson@example.com
Dr. Judd Schuster DVM,uhagenes@example.com
Aisha Glover,lacy.erdman@example.net
Laurie Kutch,lamar02@example.com
Yazmin Aufderhar,wolff.martin@example.com
Citlalli Kuhn,jast.abby@example.org
Howell Jacobi,little.mercedes@example.net
Corene Hansen,ukozey@example.com
Manuel Fisher,qhilpert@example.org
Dr. Caterina Grimes I,emmerich.rita@example.org
Jermaine Herzog,huel.trent@example.org
Miss Ethelyn Mills III,rosa74@example.com
Lola O'Keefe Jr.,adams.guadalupe@example.net
Fae Beahan,okeefe.marcelino@example.com
Miss Elenora Upton DVM,ryan.stan@example.com
Marie Dickinson,ejast@example.net
Stacy Jaskolski,kkuhn@example.net
Francisco Berge,schimmel.lexus@example.com
Josefina Murazik IV,zakary57@example.org
Ms. Mabel Herman,jimmie09@example.com
Ms. Marietta Hoppe III,krystal76@example.org
Brennon Littel,mreichel@example.org
Mrs. Anika Halvorson,xmedhurst@example.com
Dedrick Prohaska,zora.considine@example.net
Johnpaul Glover,prince.rath@example.net
Percival O'Connell I,gustave.lowe@example.org
Tristian Cummings,wolff.jessy@example.net
Adelle Pagac,smitham.addie@example.com
Bridgette Lindgren,bemmerich@example.org
Mr. Brady Schultz IV,silas.osinski@example.com
Lavern Weimann,melyssa.spencer@example.org
Maryse Blanda,mtreutel@example.com
Jakob McLaughlin,eldon.huels@example.net
Norma Feest DVM,larson.shirley@example.com
Damaris Adams,paxton10@example.net
Jimmy Walter IV,maximus.bednar@example.net
June Carter II,jedidiah85@example.org
Kevon Kuhn,ehansen@example.org
Roma Doyle PhD,conner.herzog@example.com
Antonetta Welch,xbrown@example.com
Sofia Batz,aluettgen@example.com
Camren Schaden,mohr.marlee@example.net
Columbus Becker V,daniella.towne@example.org
Dr. Audie McLaughlin PhD,jess.hermann@example.net
Archibald Weber,yreinger@example.org
Raquel Keeling IV,jarret06@example.org
Terrance Dooley,dach.nico@example.org
Miss Janiya Berge II,adrienne.murazik@example.net
Prof. Duane Keebler PhD,lysanne19@example.org
Lonnie Abshire II,cordie.reynolds@example.com
Stephany Gutmann,giovanni.mccullough@example.net
Justus Langworth,kbrown@example.org
Theresa Rath,walsh.maude@example.net
Mrs. Eula Schneider,blair82@example.net
Natasha Wiza,dcummings@example.com
Nedra Pollich,pbarrows@example.net
Nola Nolan,ned57@example.net
Dr. Maeve Boyer,wlang@example.com
Mrs. Pansy Kunde,newell16@example.org
Tyreek Volkman,juliana.emard@example.net
Hildegard Heaney Sr.,corwin.melisa@example.net
Vidal Larson Sr.,destini.hirthe@example.net
Kelvin Gislason,rbogan@example.com
Savanah Kling,krystina22@example.com
Jaime Cremin,mcglynn.darion@example.com
Breanne Yost,nankunding@example.com
Denis Gaylord,moen.haskell@example.org
Prof. Americo Hirthe,dwalker@example.com
Hilario Murazik,vernon.stokes@example.com
Prof. Freda Wolf,eliza49@example.org
Joshua Considine,cynthia.upton@example.net
Amalia Langworth II,branson96@example.org
Christelle Muller,penelope68@example.org
Liam Kulas,rolfson.dahlia@example.net
Duncan McCullough III,reyes.schmidt@example.org
Brando Collins,mallory93@example.org
Mrs. Gilda Barton,bziemann@example.com
Dr. Maegan Klein MD,orn.mara@example.net
Kris Dickinson,domenic.baumbach@example.org
Hardy Gerlach Sr.,orin91@example.org
Miss Yadira Sawayn I,jerrod19@example.net
Eula Muller I,kris.zemlak@example.org
Dr. Erica Mills Sr.,maia96@example.org
Rodrick Roberts,oda.adams@example.net
Nannie Kuvalis,golson@example.net
Dr. Joey Ward,cassie.marks@example.org
Jaquan Boyer,newell.bode@example.com
Ruben Kautzer,margarete64@example.net
Kristina Bradtke,geraldine71@example.net
Ebony Adams DDS,dhodkiewicz@example.org
Angel Orn,nschulist@example.net
Prof. Rex Anderson,simonis.ezekiel@example.com
Prof. Marlee Abshire Sr.,kathryne12@example.net
Berneice Wisoky,devonte38@example.org
Koby Feil DDS,vstark@example.com
Mr. Mike Swift,iharvey@example.net
Dejah Zboncak,idaniel@example.org
Dr. Odessa Hessel Sr.,yasmeen.conroy@example.org
Ms. Noemie Ortiz,dangelo.vonrueden@example.org
Tamara Gutkowski,ttreutel@example.org
Moses Dicki Jr.,darrick76@example.net
Caden Kling,jschuster@example.org
Lela Stroman,meredith.yundt@example.com
Edward Barrows,iroberts@example.net
Clyde Harris,onie.pollich@example.com
Dr. Coleman Luettgen V,gherzog@example.com
Derek Ruecker,jimmie59@example.com
Colton Bauch III,richard.ohara@example.com
Prof. Dallas Macejkovic,steuber.christa@example.net
Prof. Monica Runolfsdottir,narciso70@example.com
Rogers Heidenreich,kprice@example.net
Jana Roberts,davonte77@example.net
Holden Cormier,schulist.irving@example.org
Mr. Javon Kerluke,jared.jones@example.com
Rogelio Leuschke MD,hackett.morgan@example.com
Domenic Vandervort,dorothy38@example.com
Roxane Grimes DVM,umueller@example.com
Prof. Monserrat Becker,ngusikowski@example.com
Dr. Wyman King,zoie80@example.com
Eulah Blick II,bartoletti.pearl@example.com
Mr. Winston McClure V,augusta42@example.com
Prof. Geovanni Green III,edison.becker@example.net
Prof. Newell Mraz DDS,chaim23@example.com
Lily Shields,quentin.brakus@example.com
Mrs. Janice Tremblay,susanna13@example.org
Prof. Zackary Bruen,darryl14@example.com
Annamae VonRueden Jr.,moen.kaelyn@example.com
Curtis Grant,collins.mariam@example.net
Prof. Gilda Leuschke Sr.,monte.rodriguez@example.com
Miss Chanel Maggio III,pfannerstill.keven@example.net
Miss Lacy Corkery,fausto50@example.org
Brody Ondricka,msanford@example.net
Jerrell Mann,angelina.hintz@example.org
Desiree Bauch,zetta09@example.org
Clifton Bogisich,robin69@example.com
Mikel McCullough,kathlyn.crooks@example.com
Kyla Fay,amparo.cole@example.org
Miss Fannie Block MD,jamey.borer@example.org
Lesly Gottlieb,josianne.miller@example.org
Dr. Yasmine Connelly,brandy.kunze@example.org
Dennis Nicolas IV,peggie17@example.org
Madge Brown,raul86@example.net
Kristofer Dicki,ovon@example.org
Sincere Altenwerth,annamarie.weimann@example.org
Mrs. Elza Abernathy,egusikowski@example.org
Dillan Breitenberg,dandre36@example.org
Kian Cole,karley80@example.org
Jarvis Swaniawski,bryana35@example.net
Noelia Johnston,courtney.ferry@example.org
Morgan Windler,marks.vivianne@example.net
Ms. Erna Mayer DVM,hermiston.carissa@example.org
Ms. Selena Muller,awitting@example.com
Harvey Boyer,darrin94@example.net
Grant Hessel,derek70@example.org
Percival Bashirian,elwyn69@example.org
Robin Aufderhar,johnson.demario@example.org
Willis Kessler,damon72@example.org
Desiree Marks V,geraldine.herzog@example.com
Chaz Ward,stewart.dicki@example.net
Katelyn Jerde,littel.kacie@example.com
Mr. Don Schowalter Jr.,fschoen@example.com
Dr. Johnnie Barrows V,yessenia34@example.org
Paige McClure,sgreenholt@example.org
Mr. Adolfo Stamm,zieme.kaleigh@example.net
Amparo Bayer,obechtelar@example.com
Sincere Kuhic,hand.luella@example.com
Tate O'Kon,brant77@example.com
Zella Kertzmann II,destinee72@example.net
Kenyatta Morissette I,nico.romaguera@example.com
Abner Hahn,dicki.mackenzie@example.com
Terrance Bosco,bridie84@example.net
Sierra Hermann,pgoldner@example.com
Mr. Clemens Harvey,korbin27@example.net
Hellen Nitzsche DDS,selena81@example.net
Jessyca Blanda,hreinger@example.com
Samanta Thiel,river05@example.net
Sherwood Bernhard,sallie55@example.org
Brayan Gerhold,jaclyn.johnston@example.org
Annabelle Torphy,malachi00@example.net
Justine Goyette,beatty.jacky@example.org
Ms. Astrid Cronin,ovon@example.org
Prof. Francisco Kub DVM,nicolas.paucek@example.com
Stanton Schoen,ritchie.keyon@example.org
Melody Stamm,dannie26@example.net
May Donnelly,gulgowski.lilly@example.org
Prof. Robbie Brown,jast.helen@example.net
Miss Alanis Skiles,sister.haag@example.org
Dayana Paucek III,christopher.friesen@example.org
London Quigley,homenick.maria@example.com
Magdalen Satterfield,talon.beier@example.com
Faye Murphy,neal51@example.org
Macie Douglas,irma72@example.net
Oren Beer,cummings.doyle@example.net
Katelynn Lang,asatterfield@example.net
Dave Deckow PhD,ludie.gulgowski@example.net
Alba Greenholt,gracie39@example.net
Monserrat Murazik,wilber.koss@example.com
Rowan Conn Sr.,ypfannerstill@example.org
Devyn Kessler,itromp@example.org
Myrtle Howell,mitchell.chance@example.com
Prof. Joaquin Erdman MD,clovis.leannon@example.org
Herta Cole,gillian93@example.net
Carlotta Wolff,dsawayn@example.com
Georgiana Block,geraldine03@example.org
Mrs. Sydnie Zboncak,roderick16@example.net
Hadley Wisozk,vesta93@example.com
Trycia Lynch,dstark@example.com
Marquise Rempel,era.erdman@example.org
Keely Schaden IV,ihahn@example.org
Eloisa O'Kon,jeanne63@example.org
Desmond Herzog,hoppe.kendra@example.org
Dr. Destini Goodwin,lucio87@example.com
Lamont Schuster,zachariah44@example.org
Georgette Cole,heather62@example.net
Prof. Ruthie Considine MD,eileen.torp@example.org
Janick Rau,jenkins.elinor@example.com
Mrs. Jolie Marvin,everett.lakin@example.net
Brain Hagenes,kstark@example.com
Alberto Romaguera,smitham.edyth@example.net
Ahmad Mann MD,schowalter.keyshawn@example.org
Mr. Ahmed Brown I,smith.brenna@example.net
Nakia O'Kon DDS,ayla.ratke@example.org
Janessa Marks III,erin.schultz@example.net
Mr. Gregorio Koss Jr.,gorczany.eugene@example.org
Alessia Gaylord,cronin.shad@example.org
Schuyler Simonis,ayden.bruen@example.org
Rosanna Bernier,jillian.jast@example.net
Prof. Lavern Parisian,rippin.lula@example.org
Miss Eden Upton DVM,kheller@example.com
Jaida Friesen,lois41@example.com
Millie Bosco,ekirlin@example.org
Juliet Kirlin,jedidiah.weissnat@example.net
Dr. Max Bogan,eschmitt@example.org
Regan Yost,odessa.hayes@example.net
Theo Rogahn,stokes.tom@example.org
Kevin Padberg,rylee.mayert@example.org
Marshall Rohan MD,vinnie.sipes@example.net
Kattie Mraz,cristopher42@example.org
Audreanne Bahringer,larson.myrl@example.com
Vince O'Keefe,tgutmann@example.net
Mrs. Sheila Parker PhD,simonis.trace@example.org
Dr. Tyrel Kuhic,ledner.estrella@example.org
Aiyana O'Keefe,cosinski@example.org
Karl Langosh,kitty84@example.org
Christophe Carter,zieme.jennings@example.com
Tia Price Jr.,harris.kathryne@example.net
Anna Runolfsson,kennith.krajcik@example.com
Beverly Stracke,martine.shields@example.net
Dr. Augustine Goldner,dicki.adrianna@example.com
Dedric Braun,zwalsh@example.com
Brock Corkery,marcelle.schmidt@example.com
Rubye Dare,zdicki@example.net
Hilma Gerhold,jschuster@example.net
Dr. Evangeline Murazik,johnson.joanie@example.com
Prof. Ray Price IV,quitzon.brendan@example.com
Miss Elva Quigley Sr.,lily15@example.com
Daniela Ruecker,nella84@example.org
Nils O'Reilly DDS,jody.adams@example.com
Herta Padberg,paxton84@example.org
Prof. Savannah Johns,dora35@example.com
Dr. Regan Metz Jr.,christophe57@example.org
Louvenia Ebert,riley.stoltenberg@example.net
Kailyn Haag,cormier.jeanette@example.net
Willard Boehm,fhettinger@example.org
Yesenia Reynolds,gulgowski.rosendo@example.org
Dr. Torey Wehner,cummings.greta@example.org
Kasandra Welch,lowell.murray@example.org
Filiberto Ernser,torey.mraz@example.org
Rogers Kuhn IV,auer.lance@example.net
Berniece Murazik III,wschinner@example.org
Maynard Hessel,glenna71@example.org
Hilda Steuber,fpfeffer@example.net
Dr. Bailey Keebler,geoffrey66@example.org
Junior Streich,fleta35@example.com
Kayleigh Nitzsche,satterfield.amaya@example.com
Arne Cruickshank,ygoyette@example.org
Dr. Andy Simonis,rafael.russel@example.net
Mr. Logan Block Jr.,matilda43@example.com
Emmanuelle Fay,dubuque.icie@example.com
Jules Boehm,ggibson@example.org
Ms. Gina Bergstrom,vincenzo.ziemann@example.org
Reyna Hills,okeefe.elva@example.org
Leonel Satterfield,okoch@example.com
Darian Reilly III,otha56@example.com
Carole Lehner,kobe.johnson@example.net
Delilah Altenwerth Jr.,hanna.leffler@example.org
Dr. Edison Sipes,coty.hills@example.com
Sigrid Lemke,cathryn.satterfield@example.com
Ms. Mikayla Bins Sr.,kuhn.jada@example.org
Sage Harris,flatley.cedrick@example.org
Aletha Bernier,blick.annette@example.org
Carmelo Pfannerstill,buckridge.ruthe@example.org
Dr. Salvatore Lowe,ritchie.freddie@example.net
Sasha Towne,julian.farrell@example.org
Parker Cruickshank,skye.mraz@example.com
Emmie O'Conner,favian.skiles@example.net
Willie Bailey,senger.jacky@example.com
Aglae White,sabbott@example.net
Niko Bradtke,mathilde49@example.org
Ms. Lydia Gibson,katelyn.weissnat@example.org
Lester Lockman,mhills@example.org
Donny Kerluke,satterfield.earlene@example.org
Jaden Witting,willa.hermann@example.com
Wayne Durgan DVM,ferry.walton@example.com
Easter Legros,vonrueden.christa@example.net
Verdie Padberg,berge.glennie@example.org
Myron Feil,zaria.hickle@example.org
Mr. Jasen Collins,schamberger.nicolette@example.net
Miss Piper Towne,daryl26@example.com
Elwyn Boyer,jakubowski.ruby@example.org
Dr. Sibyl Fahey,gia33@example.org
Prof. Emerald Denesik Sr.,mthiel@example.com
Isabell Gleichner,adrain69@example.com
Elda McGlynn,webster.green@example.org
Prof. Marcel Nitzsche DDS,hamill.tessie@example.org
Joseph Torp II,rtremblay@example.com
Shannon Streich,eleonore.hartmann@example.org
Miss Katherine Mann PhD,walter.deontae@example.org
Anita Barrows,bettye.gislason@example.com
Ms. Giovanna Davis,ona.wilderman@example.net
Pamela Walter,hegmann.olin@example.net
Macy Hirthe,robert.bayer@example.com
Hazel Rutherford,velda.farrell@example.org
Madie Rutherford,hschinner@example.net
Dr. Monte Carter,art.runolfsdottir@example.com
Alexa Purdy,opal47@example.org
Furman Barton,allie.hettinger@example.org
Dallas Lemke,yjohnson@example.org
Cassandre Klein,nbauch@example.net
Giovanna Kshlerin MD,gebert@example.org
Ms. Janis McClure,destiny.veum@example.com
Maiya Halvorson,slubowitz@example.org
Marianne Johns,smith.jermain@example.com
Dr. Waldo Mayert,metz.cynthia@example.com
Dr. Beatrice Watsica II,destany.auer@example.com
Ms. Juanita Gleason V,patrick.lueilwitz@example.com
Emilie Wolf,jenkins.eryn@example.org
Delfina Walter III,evalyn69@example.org
Dylan Schulist,vlynch@example.com
Dr. Peggie Daniel DVM,morton.jenkins@example.org
Zola Gutmann,eliseo.gulgowski@example.com
Monserrat Bechtelar Sr.,katrine14@example.net
Ara Blick V,holly.osinski@example.com
Jan Cassin,adelle.sauer@example.com
Estella Hill,mohammad.ward@example.net
Sandra Raynor,virgie54@example.com
Yasmin Hermann,zrolfson@example.com
Dante Feest,edickens@example.org
Bryon Baumbach DVM,kreiger.velva@example.com
Rodger Bashirian,larson.jaunita@example.net
Prof. Sherwood Konopelski Sr.,malinda98@example.net
Dr. Antwan Jones,marvin.retta@example.org
Gustave Dooley,ryder.boehm@example.org
Rafael Bartoletti,green.kyle@example.net
Kirk Jerde,gerhard03@example.com
Modesto Dicki,murl.ebert@example.com
Emanuel Bogisich,weber.geovanny@example.net
Mrs. Alice Hills,jazmyn88@example.org
Hershel Schoen,purdy.jazmyne@example.net
Mrs. Mariah Hackett,conroy.nickolas@example.net
Monserrat D'Amore,lwisoky@example.org
Dr. Moriah Wunsch Jr.,josianne.grant@example.net
Triston Jakubowski,quigley.jennings@example.net
Mona Lakin,darion.roob@example.net
Eda Muller,vandervort.vernon@example.org
Ally Ward,ghayes@example.org
Alf Ankunding,mac65@example.com
Dorian Mann,bradly96@example.com
Mrs. Ivy Cole DVM,micah.ullrich@example.net
Vena Doyle,effertz.kiana@example.net
Manuela Conroy Jr.,gbruen@example.com
Evalyn Abbott,kaleb33@example.net
Geraldine Jacobi,ahermiston@example.net
Prof. Steve Yundt,maverick.klein@example.org
Reta Kuhic,qtromp@example.net
Mr. Antwan Gorczany II,rstehr@example.net
Tyree Hahn I,ernser.maia@example.net
Nina Raynor,tremaine.sawayn@example.net
Franz Haley Jr.,lauretta.botsford@example.com
Prof. Jeanette Harris Jr.,wisozk.abbey@example.com
Katelynn Koepp V,tschultz@example.org
Miss Nayeli Spencer,witting.raphael@example.com
Mr. Jess Homenick,labadie.jaquan@example.net
Santino Mohr,jgrant@example.net
Cara Christiansen,conroy.veronica@example.com
Miss Cara Tromp,hgreenholt@example.com
Shanel Lemke,baylee29@example.net
Dustin Williamson,makayla.powlowski@example.net
Hilma Crooks V,americo.hahn@example.org
Dr. Abbigail Mohr IV,adolf20@example.com
Abraham Gutkowski,white.tanya@example.net
Trever Schuppe III,deion.stanton@example.org
Demetris Schinner,djohnson@example.net
Josianne Erdman IV,tjerde@example.com
Damion Toy IV,dorothea.thiel@example.com
Miss Laurence Spinka,dallas.boyle@example.net
Stacy Mante V,fstokes@example.org
Enola Metz,mohr.isom@example.org
Mr. Gunner McGlynn IV,leda.wisozk@example.com
Silas Kozey,stanford65@example.org
Prof. Alexandrea Schmeler,pwitting@example.net
Sydnie Sipes,okirlin@example.com
Mariela Beier DDS,brayan.rath@example.net
Khalid Upton,hhermiston@example.org
Brody Ratke,ehermiston@example.org
Darrel Lesch DVM,garett01@example.com
Kenyon Macejkovic,aswift@example.org
Celine Adams III,mhayes@example.com
Jett DuBuque Jr.,royal84@example.com
Elisabeth Bogisich,enicolas@example.net
Zachery Hermann,lkuvalis@example.org
Mathilde Fadel,jayde.oreilly@example.com
Augusta Ruecker Jr.,kaleigh86@example.org
Salvatore Daniel Sr.,goldner.wava@example.com
Rosie Johns,ebony08@example.com
Hosea Gutkowski Jr.,bode.tremaine@example.com
Fredrick Willms,catherine37@example.com
Leonardo Gleichner,victor49@example.org
Dr. Murphy Block,dawson39@example.org
Floyd Skiles,ybashirian@example.com
Dr. Dejon Windler DVM,neoma48@example.net
Cara Cronin,jacobson.junior@example.net
Gust Weimann,bailey.alanna@example.com
Mrs. Dakota Erdman,luther14@example.net
Salvatore Kerluke DVM,lubowitz.mercedes@example.org
Mozell Rowe,benedict.okuneva@example.org
Janet Hermiston V,ablock@example.net
Mr. Derick Ortiz DVM,jspinka@example.com
Dr. Gaylord Connelly,natasha.hoppe@example.org
Dr. Orland Turcotte DVM,little.niko@example.com
Gunnar Erdman Sr.,eric97@example.org
Tillman Funk,concepcion.frami@example.com
Kailey Gorczany,jcole@example.net
Ivy Klocko PhD,janie28@example.com
Addie Von,euna42@example.net
Tomasa Goyette DVM,lenore.barrows@example.com
Joe Lind,xcummerata@example.com
Mr. Immanuel Grimes I,gwiza@example.net
Leon Zemlak,pink18@example.org
Jerry Jacobi,wilkinson.judah@example.com
Rae Mertz,ifeeney@example.org
Aron Schumm PhD,pnikolaus@example.com
Mr. Jasper Dooley PhD,lillie.kihn@example.com
Omer Fisher,dane90@example.net
Joseph Farrell,ellen.schaden@example.org
Baby Wiegand,malika91@example.org
Prof. Marlon Jerde,opowlowski@example.net
Nolan Turcotte IV,edna68@example.com
Dr. Lewis Bartell Jr.,hkeebler@example.org
Prof. Roosevelt Kris MD,fherman@example.net
Nels Abshire,marquardt.odessa@example.org
Seamus Abbott PhD,donald.leannon@example.org
Mrs. Marcia Shanahan PhD,klocko.erika@example.org
Hazle Turner,anabelle60@example.com
Tavares Friesen,wolf.anita@example.org
Prof. Madeline Crooks IV,abdullah.kirlin@example.org
Madisen Wolf,schoen.joana@example.org
Dr. Emelie Kris,schoen.rose@example.com
Mr. Dedrick Carroll II,eulalia02@example.com
Everett Cormier DDS,laurianne.berge@example.org
Prof. Donavon Robel II,harber.dimitri@example.org
Destini Douglas,hollie10@example.com
Prof. Bobbie Purdy I,lamar.feeney@example.com
Mrs. Tatyana Moore DVM,zkautzer@example.net
Cristobal Pouros MD,elian.heidenreich@example.com
Kaden Treutel,marisa.kirlin@example.net
Dedrick Rogahn,clare.walter@example.org
Wendy Witting,nbeahan@example.net
Lazaro Dietrich MD,qcarter@example.org
Markus O'Reilly,zemlak.keagan@example.net
Harley Prosacco Jr.,goyette.mario@example.net
Hank Quigley,cruickshank.zelda@example.com
Prof. Hilton O'Hara,mathilde.greenholt@example.org
Esteban Little,chloe.kuphal@example.com
Ibrahim Mills,ihamill@example.org
Edna Anderson,dbeahan@example.org
Camren Haag III,bergstrom.bernice@example.net
Mrs. Corine Corkery PhD,muhammad69@example.com
Mrs. Christelle Farrell,jamar05@example.org
Nona Weissnat Sr.,braun.anderson@example.org
Eric Kozey,klein.heidi@example.org
Lorine Ruecker,nkuphal@example.net
Alda Berge,anderson.bernard@example.net
Pierce Ernser,berniece17@example.net
Jovani Watsica Jr.,gwalker@example.org
Daniella Gleichner,kristian34@example.com
Shanon Cruickshank MD,amari.gaylord@example.org
Diamond Dibbert,dibbert.adalberto@example.net
Ryleigh McDermott,jones.curt@example.net
Ms. Destany Marquardt,fcrist@example.net
Saul Kirlin,ida86@example.net
Dr. Trey Koepp,oreilly.rubie@example.com
Arvel Borer,junior.russel@example.net
Lester Denesik,irussel@example.com
Augustus Goyette DDS,steuber.cecelia@example.org
Prof. Chyna Kirlin I,monte.kilback@example.net
Dr. Kenna Orn MD,elias93@example.net
Glenna Metz,dickens.xzavier@example.com
John Barton,sammie90@example.org
Troy Feil,lilla69@example.org
Alessia Murazik,gmurazik@example.org
Tatyana Baumbach,baufderhar@example.com
Johnpaul Franecki DDS,corene62@example.net
Ernestina Ernser,ybatz@example.org
Hayley Dicki Sr.,wuckert.janiya@example.com
Terrell McCullough,nicholas.keeling@example.com
Adele Koss,cartwright.mozelle@example.org
Athena Swaniawski,jed45@example.com
Dr. Carson Abernathy,macie.turner@example.org
Jayme Wehner,johnston.bart@example.org
Charles Schuster,vschaefer@example.net
Dr. Triston Quitzon IV,schiller.rigoberto@example.net
Mrs. Jade Strosin MD,hobart70@example.net
Arno McLaughlin,bernhard.lon@example.org
Joanie Muller,lou.bogan@example.com
Nigel Lowe,upton.henriette@example.com
Kenya Skiles I,zoie57@example.com
Westley Gulgowski,oleta81@example.com
Dr. Torrey Little,emmerich.melissa@example.net
Sierra Bins,consuelo.harvey@example.org
Mr. Lon Osinski MD,nmorar@example.com
Kraig Stokes,treutel.zoe@example.com
Dr. Ida Schulist,einar21@example.com
Mr. Rasheed Daugherty,moreilly@example.org
Quinten Emmerich,jerdman@example.net
Savanna Kerluke PhD,cbauch@example.org
Mr. Gregory McDermott,rickie17@example.org
Orlo Marvin,pfannerstill.abigayle@example.com
Thora Hirthe,roberts.charlene@example.com
Vernon Kozey Jr.,mrogahn@example.net
Frederique Gusikowski PhD,gutkowski.westley@example.net
Prof. Merle Hayes II,kilback.raleigh@example.com
Rosina Cartwright PhD,trinity.metz@example.org
Hilbert Kirlin III,hauck.wava@example.net
Carey Nicolas,vhayes@example.com
Gianni Langworth,block.valentin@example.com
Margot Klocko,roman.bednar@example.net
Jaron Dooley,warren81@example.org
Prof. Alexys Robel DVM,flangosh@example.net
Mr. Travon Little PhD,yasmeen03@example.org
Conor Beer,jasmin30@example.com
Jermey Koelpin,dana.schumm@example.org
Rosemarie Erdman,shany34@example.org
Odessa Bernier,kmitchell@example.net
Miss Tina Huels,austen.heller@example.com
Mr. Alford Frami,ankunding.orville@example.com
Deja Nikolaus,lowell46@example.com
Alexandrea Balistreri,mboyle@example.org
Lowell Kassulke,runolfsson.fabiola@example.org
Gerhard Herzog DVM,sauer.jenifer@example.com
Carli Stiedemann,monte63@example.com
Prof. Bernard Crist,ortiz.dorthy@example.org
Rosalia Pagac,nlebsack@example.net
Celine Sanford,carmine.wunsch@example.com
Ulises Glover,jhamill@example.com
Linnie Moen,nannie15@example.org
Virgie DuBuque,ryann24@example.net
Dr. Gunnar Harris Sr.,nader.arlene@example.com
Nona Ebert,lauryn11@example.com
Mr. Fredy Wisoky Jr.,conn.carmela@example.net
Prof. Claudie Cummings DVM,romaguera.shemar@example.net
Cierra Mraz,jean.schuppe@example.org
Prof. Darby Bernhard PhD,verdman@example.net
Miss Ellen Deckow Jr.,imcglynn@example.net
Kathleen Schuppe,buckridge.bo@example.net
Bridgette McDermott,mathias.farrell@example.com
Joshuah Runolfsdottir,pollich.cleora@example.com
Rosella Crooks I,candace06@example.net
Beau Kerluke,kathlyn42@example.net
Ms. Pattie Morar Sr.,dibbert.antonio@example.net
Guadalupe Thompson,graham.mayert@example.com
Antonina Hickle,zsmitham@example.net
Roberta Feil,eunice54@example.net
Lynn Kerluke IV,corrine.kiehn@example.com
Dr. Wilber Schimmel,wrussel@example.com
Esperanza Gutkowski,babernathy@example.com
Sydni Adams,lenore61@example.org
Elody Bartoletti,adams.sydnee@example.com
Aliza Schuster,djones@example.org
Lempi McLaughlin,braun.cyril@example.com
Prof. Ricardo Mayer DDS,brook93@example.com
Kathryn Greenfelder,rhett.pollich@example.org
Thurman Dooley,gavin65@example.net
Lauriane Lakin III,milo18@example.com
Karine Graham,ottis.leuschke@example.net
Miss Emelia O'Connell,birdie.bauch@example.org
Josefa Moore,veum.norma@example.com
Angela Zboncak,mckenna.schumm@example.org
Rylan Lesch DDS,casper.gene@example.net
Ward Lesch,smarvin@example.net
Art Gibson,rgreenfelder@example.com
Prof. Jensen Prohaska,bud98@example.com
Vincent Kuhlman,sylvan.bode@example.org
Josephine Bednar,runte.porter@example.com
Sabina Jacobson,wupton@example.com
Prof. Lonzo Bartell,oberbrunner.adolph@example.com
Dr. Lysanne Mayer II,tkoelpin@example.org
Brenna Wisozk,vtorp@example.net
Annamarie Grady,hailey48@example.com
Emmy Ferry,weissnat.kameron@example.net
Janae Goldner,hermann.jerrod@example.com
Prof. Jakob Medhurst,econnelly@example.org
Antonina Larkin,lcollier@example.net
Dr. Esther Rogahn,xluettgen@example.com
Gertrude Ratke,monahan.ava@example.net
Prof. Jerry Lesch I,ddonnelly@example.net
Lavada Spencer,amber85@example.com
Annamarie Fahey,jmarquardt@example.org
Terrance Ankunding,beahan.jarvis@example.net
Jonatan Rath II,volkman.elfrieda@example.net
Alfonzo Cremin MD,allene63@example.net
Kellie Cole,antonette.bauch@example.org
Kayli Mayer,rowland.zemlak@example.org
Dahlia Konopelski,pgoyette@example.com
Alyson Hermiston III,vivienne94@example.com
Lula Zemlak Jr.,willow.prohaska@example.com
Vallie Nitzsche,hodkiewicz.corene@example.net
Devante Pacocha,ywaters@example.net
Sharon Wyman IV,daugherty.bertha@example.net
Eloisa Will,langosh.kyla@example.com
Penelope Eichmann PhD,katrina.ryan@example.com
Marian Steuber III,katherine98@example.com
Jorge Hermiston,darius82@example.com
Jayda Gottlieb III,burnice87@example.org
Mr. Branson Gusikowski,berge.kamron@example.net
Glenda Zulauf,jaida.crona@example.com
Maritza McKenzie IV,boyer.emil@example.com
Nettie Cruickshank,rleffler@example.com
Dylan Balistreri,desiree75@example.net
Darren Cormier,qkassulke@example.net
Dr. Dahlia Schultz DDS,chodkiewicz@example.net
Odell Morissette,zachariah.dare@example.net
Neil Block,casimer45@example.org
Maxime Beatty,eleuschke@example.net
Retta Wisoky,peter.feeney@example.net
Hortense Dietrich,jacobson.glen@example.org
Zelda Kertzmann,ufahey@example.org
Eileen Wisozk,graham15@example.org
Efrain Carroll,eryn93@example.org
Aglae D'Amore DVM,aurelio32@example.net
Rafaela Braun,labadie.rebeka@example.org
Dr. Malvina Breitenberg,marley90@example.net
Mrs. Allene Gerlach DDS,hyatt.ernest@example.net
Buck Ritchie,tremblay.cordia@example.org
Elenor Stark,qdach@example.com
Deion Klein I,wuckert.aileen@example.com
Mrs. Colleen Bahringer MD,connelly.lora@example.org
Adrien Pfeffer PhD,amara69@example.com
Meda Pfannerstill,rudy.beahan@example.com
Isabel Boyle,rlesch@example.com
Berta Casper,vernie.konopelski@example.com
Arvel Senger,mariane64@example.net
Mr. Jordy Stanton I,hrunte@example.net
Pattie Roberts,harvey.mellie@example.net
Simone Kuhlman,samara48@example.org
Roman Wuckert Jr.,kallie.champlin@example.org
Kasandra Gusikowski,cmetz@example.com
Prof. Gussie Dickens,jones.tressie@example.com
Marcelina Willms,adaline13@example.com
Glenna Wiegand,marquardt.hosea@example.com
Emerald Hauck,pschimmel@example.com
Eloisa Rowe,rosanna.champlin@example.net
Lavada Streich,buckridge.izaiah@example.net
